<?xml version="1.0" encoding="utf-8"?>
<bundle name="MemberPress Elementor">
    <domain name="memberpress-elementor">
        <project name="MemberPress Elementor" slug="memberpress-elementor">
            <source>
                <directory>.</directory>
            </source>
            <target>
                <directory base="WP_LANG_DIR">plugins</directory>
            </target>
            <template locked="true">
                <file>i18n/memberpress-elementor.pot</file>
            </template>
        </project>
    </domain>
    <exclude>
        <directory>vendor</directory>
        <directory>tests</directory>
        <directory>script</directory>
        <directory>node_modules</directory>
        <directory>public</directory>
        <directory>bin</directory>
    </exclude>
</bundle>
